Id;Label
5dbaa4ccb24a151722feb91f;KaczynskiJaro
5dbaa4d4b24a151722feb920;Ada98797158
5dbaa4d4b24a151722feb922;test123
5dbaa4d4b24a151722feb923;JanKowalski
5dbaa4d4b24a151722feb924;MichalNowak
5dbaa4d6b24a151722feb9e8;SomeUser
5dbaa4d6b24a151722feb9e9;AmIFollower
5dbaa4d6b24a151722feb910;Pioter
5dbaa4d6b24a151722feb911;Adam
5dbaa4d6b24a151722feb912;Tomek
5dbaa4d6b24a151722feb913;Bartek
5dbaa4d6b24a151722feb914;Filip
5dbaa4d6b24a151722feb915;Pawel
5dbaa4d6b24a151722feb916;Ktokolwiek
5dbaa4d6b24a151722feb917;Unknown
